Date,Load
1/1/2011,15.0978
1/2/2011,13.3386
1/3/2011,16.2738
1/4/2011,14.9892
1/5/2011,15.2058
1/6/2011,14.8308
1/7/2011,14.484
1/8/2011,13.9812
1/9/2011,16.9602
1/10/2011,16.2582
1/11/2011,16.7562
1/12/2011,16.7322
1/13/2011,15.9888
1/14/2011,15.7986
1/15/2011,15.5454
1/16/2011,15.549
1/17/2011,16.1532
1/18/2011,15.8268
1/19/2011,16.2834
1/20/2011,15.672
1/21/2011,14.979
1/22/2011,16.2534
1/23/2011,15.9084
1/24/2011,15.4032
1/25/2011,17.196
1/26/2011,16.4262
1/27/2011,15.8904
1/28/2011,15.345
1/29/2011,17.0376
1/30/2011,16.1106
1/31/2011,14.8068
2/1/2011,12.1224
2/2/2011,9.3456
2/3/2011,14.4336
2/4/2011,17.4216
2/5/2011,15.657
2/6/2011,15.3144
2/7/2011,15.3354
2/8/2011,15.2904
2/9/2011,15.9636
2/10/2011,17.5746
2/11/2011,15.5178
2/12/2011,16.7076
2/13/2011,16.5894
2/14/2011,16.2492
2/15/2011,15.9486
2/16/2011,15.8496
2/17/2011,15.801
2/18/2011,16.8372
2/19/2011,14.9748
2/20/2011,15.8466
2/21/2011,17.0892
2/22/2011,15.2394
2/23/2011,16.3254
2/24/2011,15.3678
2/25/2011,15.1614
2/26/2011,15.921
2/27/2011,15.3048
2/28/2011,15.816
3/1/2011,16.3242
3/2/2011,15.825
3/3/2011,15.4284
3/4/2011,16.2486
3/5/2011,14.7426
3/6/2011,16.5618
3/7/2011,14.8548
3/8/2011,15.0858
3/9/2011,15.8112
3/10/2011,15.669
3/11/2011,15.216
3/12/2011,14.8902
3/13/2011,13.9578
3/14/2011,13.0206
3/15/2011,12.3936
3/16/2011,14.5854
3/17/2011,12.2148
3/18/2011,13.8024
3/19/2011,13.5426
3/20/2011,13.8492
3/21/2011,15.2754
3/22/2011,15.6666
3/23/2011,15.6996
3/24/2011,15.7386
3/25/2011,15.6294
3/26/2011,13.7544
3/27/2011,15.132
3/28/2011,15.1932
3/29/2011,15.513
3/30/2011,15.711
3/31/2011,15.3678
4/1/2011,16.6068
4/2/2011,14.6028
4/3/2011,15.141
4/4/2011,16.833
4/5/2011,14.5854
4/6/2011,15.6528
4/7/2011,16.254
4/8/2011,15.4152
4/9/2011,15.4938
4/10/2011,15.7356
4/11/2011,15.882
4/12/2011,15.8028
4/13/2011,15.525
4/14/2011,15.336
4/15/2011,16.3992
4/16/2011,16.4892
4/17/2011,16.2678
4/18/2011,15.678
4/19/2011,16.8102
4/20/2011,14.4054
4/21/2011,14.6718
4/22/2011,14.9448
4/23/2011,16.1742
4/24/2011,13.1562
4/25/2011,16.584
4/26/2011,14.388
4/27/2011,19.5432
4/28/2011,14.8758
4/29/2011,15.9822
4/30/2011,13.4976
5/1/2011,15.5268
5/2/2011,13.0296
5/3/2011,14.9574
5/4/2011,14.2206
5/5/2011,15.1068
5/6/2011,14.5242
5/7/2011,14.7426
5/8/2011,13.2768
5/9/2011,14.6232
5/10/2011,13.833
5/11/2011,16.143
5/12/2011,14.8176
5/13/2011,14.5692
5/14/2011,14.3634
5/15/2011,13.7928
5/16/2011,13.3314
5/17/2011,14.2596
5/18/2011,12.7812
5/19/2011,15.2376
5/20/2011,13.4664
5/21/2011,14.7252
5/22/2011,16.1526
5/23/2011,15.4842
5/24/2011,14.7216
5/25/2011,14.2572
5/26/2011,12.8412
5/27/2011,14.3562
5/28/2011,12.7482
5/29/2011,14.1852
5/30/2011,16.0032
5/31/2011,18.057
6/1/2011,15.2946
6/2/2011,18.0558
6/3/2011,17.0148
6/4/2011,17.5224
6/5/2011,18.0036
6/6/2011,17.3244
6/7/2011,19.1844
6/8/2011,20.85
6/9/2011,17.9136
6/10/2011,20.3562
6/11/2011,14.946
6/12/2011,15.7896
6/13/2011,15.7758
6/14/2011,16.644
6/15/2011,14.2572
6/16/2011,15.2412
6/17/2011,15.915
6/18/2011,14.7738
6/19/2011,14.2602
6/20/2011,15.888
6/21/2011,16.6074
6/22/2011,15.0252
6/23/2011,15.2652
6/24/2011,16.7034
6/25/2011,15.9228
6/26/2011,16.6638
6/27/2011,16.6674
6/28/2011,14.6094
6/29/2011,16.5072
6/30/2011,15.3486
7/1/2011,16.2486
7/2/2011,16.1592
7/3/2011,18.012
7/4/2011,16.5348
7/5/2011,16.6704
7/6/2011,17.7036
7/7/2011,18.8088
7/8/2011,17.3922
7/9/2011,17.9712
7/10/2011,18.111
7/11/2011,21.4464
7/12/2011,21.0066
7/13/2011,19.9158
7/14/2011,20.7708
7/15/2011,19.5222
7/16/2011,21.1632
7/17/2011,21.3894
7/18/2011,22.242
7/19/2011,21.9882
7/20/2011,22.755
7/21/2011,24.1344
7/22/2011,24.0762
7/23/2011,24.966
7/24/2011,21.5172
7/25/2011,19.7658
7/26/2011,20.4474
7/27/2011,22.5828
7/28/2011,21.4032
7/29/2011,23.3658
7/30/2011,20.5362
7/31/2011,20.379
8/1/2011,23.9478
8/2/2011,22.8804
8/3/2011,21.4656
8/4/2011,23.694
8/5/2011,23.433
8/6/2011,21.594
8/7/2011,19.287
8/8/2011,22.5042
8/9/2011,19.8624
8/10/2011,20.175
8/11/2011,21.8712
8/12/2011,20.5326
8/13/2011,22.0938
8/14/2011,17.4012
8/15/2011,20.3172
8/16/2011,19.758
8/17/2011,20.5062
8/18/2011,18.5964
8/19/2011,19.4574
8/20/2011,18.1248
8/21/2011,19.8492
8/22/2011,20.4804
8/23/2011,21.7698
8/24/2011,19.7352
8/25/2011,22.9416
8/26/2011,22.2102
8/27/2011,22.0026
8/28/2011,22.2384
8/29/2011,21.8034
8/30/2011,22.1562
8/31/2011,23.91
9/1/2011,23.268
9/2/2011,22.3218
9/3/2011,22.8498
9/4/2011,20.73
9/5/2011,19.0812
9/6/2011,18.6
9/7/2011,18.2082
9/8/2011,19.9404
9/9/2011,18.411
9/10/2011,18.7026
9/11/2011,19.1898
9/12/2011,20.4834
9/13/2011,20.5236
9/14/2011,20.8002
9/15/2011,18.3186
9/16/2011,17.7222
9/17/2011,17.2968
9/18/2011,17.9214
9/19/2011,16.674
9/20/2011,17.2674
9/21/2011,17.4384
9/22/2011,17.7288
9/23/2011,16.1484
9/24/2011,16.8948
9/25/2011,15.9846
9/26/2011,18.057
9/27/2011,16.83
9/28/2011,15.4842
9/29/2011,17.2008
9/30/2011,16.5876
10/1/2011,17.6412
10/2/2011,16.7688
10/3/2011,17.4792
10/4/2011,17.205
10/5/2011,17.5404
10/6/2011,17.5974
10/7/2011,17.226
10/8/2011,19.1724
10/9/2011,15.0864
10/10/2011,15.6636
10/11/2011,17.8686
10/12/2011,22.284
10/13/2011,17.838
10/14/2011,16.6686
10/15/2011,15.642
10/16/2011,16.3488
10/17/2011,19.71
10/18/2011,17.199
10/19/2011,15.0918
10/20/2011,16.215
10/21/2011,15.5682
10/22/2011,15.5376
10/23/2011,14.8866
10/24/2011,16.4928
10/25/2011,16.8258
10/26/2011,17.19
10/27/2011,14.9166
10/28/2011,16.9506
10/29/2011,16.1754
10/30/2011,16.179
10/31/2011,15.4608
11/1/2011,16.2294
11/2/2011,16.272
11/3/2011,15.3648
11/4/2011,15.9606
11/5/2011,16.4778
11/6/2011,14.985
11/7/2011,15.7512
11/8/2011,16.494
11/9/2011,16.0806
11/10/2011,15.6036
11/11/2011,15.759
11/12/2011,14.685
11/13/2011,16.5378
11/14/2011,16.551
11/15/2011,15.459
11/16/2011,14.7816
11/17/2011,15.132
11/18/2011,16.3542
11/19/2011,14.9004
11/20/2011,15.36
11/21/2011,15.4416
11/22/2011,14.3544
11/23/2011,15.6612
11/24/2011,11.9688
11/25/2011,13.602
11/26/2011,13.5084
11/27/2011,14.523
11/28/2011,15.2214
11/29/2011,15.9708
11/30/2011,15.3042
12/1/2011,12.7566
12/2/2011,14.754
12/3/2011,15.8424
12/4/2011,15.5028
12/5/2011,15.0942
12/6/2011,15.138
12/7/2011,15.579
12/8/2011,14.1774
12/9/2011,15.4014
12/10/2011,14.826
12/11/2011,15.297
12/12/2011,15.3546
12/13/2011,15.0384
12/14/2011,15.4614
12/15/2011,15.186
12/16/2011,14.6706
12/17/2011,13.5498
12/18/2011,13.023
12/19/2011,14.493
12/20/2011,13.4826
12/21/2011,13.5786
12/22/2011,12.9816
12/23/2011,13.5522
12/24/2011,12.7152
12/25/2011,12.672
12/26/2011,13.0542
12/27/2011,12.786
12/28/2011,12.825
12/29/2011,13.6818
12/30/2011,12.7584
12/31/2011,13.7286
1/1/2012,13.9524
1/2/2012,12.8862
1/3/2012,14.301
1/4/2012,13.5168
1/5/2012,13.7262
1/6/2012,15.7878
1/7/2012,13.4862
1/8/2012,14.7732
1/9/2012,15.5502
1/10/2012,14.487
1/11/2012,14.6436
1/12/2012,14.9586
1/13/2012,15.7266
1/14/2012,14.895
1/15/2012,15.9198
1/16/2012,15.4884
1/17/2012,14.9262
1/18/2012,14.8326
1/19/2012,15.8352
1/20/2012,15.6498
1/21/2012,14.8746
1/22/2012,16.1178
1/23/2012,15.0846
1/24/2012,15.5514
1/25/2012,16.5414
1/26/2012,13.2438
1/27/2012,16.1988
1/28/2012,14.4048
1/29/2012,15.9246
1/30/2012,15.6744
1/31/2012,14.8818
2/1/2012,15.3924
2/2/2012,14.7762
2/3/2012,14.0238
2/4/2012,14.9328
2/5/2012,15.5436
2/6/2012,14.6742
2/7/2012,14.9484
2/8/2012,15.7248
2/9/2012,15.2184
2/10/2012,15.267
2/11/2012,13.7646
2/12/2012,15.4974
2/13/2012,15.7542
2/14/2012,14.5416
2/15/2012,16.7256
2/16/2012,14.9958
2/17/2012,15.5226
2/18/2012,15.3828
2/19/2012,15.3984
2/20/2012,15.6204
2/21/2012,15.0828
2/22/2012,15.2244
2/23/2012,15.8754
2/24/2012,16.8186
2/25/2012,17.1648
2/26/2012,16.6572
2/27/2012,17.6082
2/28/2012,17.9922
2/29/2012,18.663
3/1/2012,18.7074
3/2/2012,16.59
3/3/2012,14.721
3/4/2012,15.6582
3/5/2012,16.4676
3/6/2012,14.7516
3/7/2012,17.019
3/8/2012,15.8838
3/9/2012,15.5064
3/10/2012,14.5152
3/11/2012,11.8836
3/12/2012,12.7476
3/13/2012,13.6758
3/14/2012,15.6042
3/15/2012,16.9092
3/16/2012,15.801
3/17/2012,14.5674
3/18/2012,15.4524
3/19/2012,16.569
3/20/2012,15.681
3/21/2012,16.4232
3/22/2012,17.7726
3/23/2012,14.8212
3/24/2012,16.3602
3/25/2012,15.9528
3/26/2012,16.2066
3/27/2012,14.949
3/28/2012,16.4058
3/29/2012,15.6942
3/30/2012,16.0086
3/31/2012,15.8292
4/1/2012,15.8718
4/2/2012,16.3596
4/3/2012,17.598
4/4/2012,17.751
4/5/2012,16.8708
4/6/2012,15.0084
4/7/2012,15.5058
4/8/2012,14.9022
4/9/2012,15.6318
4/10/2012,16.3158
4/11/2012,16.5012
4/12/2012,16.14
4/13/2012,16.7802
4/14/2012,15.6636
4/15/2012,15.5502
4/16/2012,17.5482
4/17/2012,16.4466
4/18/2012,18.0252
4/19/2012,14.1648
4/20/2012,16.869
4/21/2012,15.7074
4/22/2012,16.2708
4/23/2012,15.9768
4/24/2012,16.827
4/25/2012,16.6428
4/26/2012,15.2364
4/27/2012,17.8914
4/28/2012,15.7572
4/29/2012,15.8976
4/30/2012,15.7188
5/1/2012,16.677
5/2/2012,17.4078
5/3/2012,17.9328
5/4/2012,18.681
5/5/2012,16.3854
5/6/2012,16.2318
5/7/2012,13.362
5/8/2012,18.042
5/9/2012,15.5076
5/10/2012,13.158
5/11/2012,14.6976
5/12/2012,13.8588
5/13/2012,13.6548
5/14/2012,14.3988
5/15/2012,15.0156
5/16/2012,15.1428
5/17/2012,15.8772
5/18/2012,16.8708
5/19/2012,18.6876
5/20/2012,20.0184
5/21/2012,19.9548
5/22/2012,16.335
5/23/2012,18.5052
5/24/2012,18.6468
5/25/2012,22.305
5/26/2012,20.9868
5/27/2012,20.8074
5/28/2012,19.4334
5/29/2012,20.6754
5/30/2012,18.72
5/31/2012,18.4572
6/1/2012,18.7242
6/2/2012,18.936
6/3/2012,17.427
6/4/2012,16.542
6/5/2012,17.661
6/6/2012,18.954
6/7/2012,19.0068
6/8/2012,21.117
6/9/2012,18.213
6/10/2012,20.553
6/11/2012,20.3448
6/12/2012,20.6814
6/13/2012,21.4794
6/14/2012,22.656
6/15/2012,23.1114
6/16/2012,22.0824
6/17/2012,23.058
6/18/2012,22.1136
6/19/2012,25.3182
6/20/2012,25.1016
6/21/2012,24.4536
6/22/2012,24.1248
6/23/2012,23.502
6/24/2012,23.4168
6/25/2012,23.931
6/26/2012,24.5052
6/27/2012,23.8536
6/28/2012,25.2888
6/29/2012,26.4258
6/30/2012,27.1944
7/1/2012,25.0308
7/2/2012,25.5282
7/3/2012,24.1566
7/4/2012,23.9142
7/5/2012,27.141
7/6/2012,27.8004
7/7/2012,26.9418
7/8/2012,23.1144
7/9/2012,14.079
7/10/2012,21.4488
7/11/2012,21.9954
7/12/2012,23.6628
7/13/2012,21.7356
7/14/2012,20.2494
7/15/2012,19.0722
7/16/2012,23.7174
7/17/2012,22.131
7/18/2012,22.7094
7/19/2012,20.9124
7/20/2012,18.3834
7/21/2012,19.1892
7/22/2012,23.0958
7/23/2012,22.3206
7/24/2012,23.5734
7/25/2012,23.8254
7/26/2012,23.6574
7/27/2012,21.4746
7/28/2012,18.3474
7/29/2012,17.115
7/30/2012,23.5836
7/31/2012,21.7056
8/1/2012,22.785
8/2/2012,22.4952
8/3/2012,22.4106
8/4/2012,21.777
8/5/2012,20.9292
8/6/2012,22.7034
8/7/2012,22.2984
8/8/2012,24.0972
8/9/2012,22.4922
8/10/2012,19.3758
8/11/2012,18.0126
8/12/2012,20.5476
8/13/2012,19.9956
8/14/2012,17.4132
8/15/2012,19.401
8/16/2012,16.9746
8/17/2012,19.6044
8/18/2012,17.751
8/19/2012,18.1536
8/20/2012,18.495
8/21/2012,17.9556
8/22/2012,17.802
8/23/2012,19.2186
8/24/2012,18.3972
8/25/2012,19.2486
8/26/2012,19.9668
8/27/2012,16.6374
8/28/2012,18.8934
8/29/2012,17.4114
8/30/2012,20.439
8/31/2012,19.14
9/1/2012,18.0288
9/2/2012,17.5788
9/3/2012,17.2002
9/4/2012,17.6304
9/5/2012,19.818
9/6/2012,16.5522
9/7/2012,19.404
9/8/2012,16.947
9/9/2012,17.2332
9/10/2012,16.9932
9/11/2012,17.4708
9/12/2012,16.7268
9/13/2012,19.2558
9/14/2012,17.0718
9/15/2012,17.2554
9/16/2012,17.2416
9/17/2012,17.7168
9/18/2012,18.0924
9/19/2012,17.2884
9/20/2012,18.2526
9/21/2012,16.4976
9/22/2012,16.2594
9/23/2012,16.896
9/24/2012,17.793
9/25/2012,17.898
9/26/2012,15.306
9/27/2012,17.4492
9/28/2012,16.7028
9/29/2012,16.2672
9/30/2012,16.6884
10/1/2012,17.2164
10/2/2012,16.8732
10/3/2012,15.975
10/4/2012,17.2236
10/5/2012,17.6376
10/6/2012,15.5724
10/7/2012,16.101
10/8/2012,17.0286
10/9/2012,16.8138
10/10/2012,15.891
10/11/2012,16.6416
10/12/2012,14.9064
10/13/2012,15.8526
10/14/2012,16.9308
10/15/2012,16.2072
10/16/2012,17.3328
10/17/2012,17.2746
10/18/2012,16.3308
10/19/2012,16.7136
10/20/2012,15.6342
10/21/2012,17.1492
10/22/2012,17.0772
10/23/2012,19.5936
10/24/2012,19.2132
10/25/2012,20.6712
10/26/2012,19.8702
10/27/2012,18.4392
10/28/2012,18.2286
10/29/2012,18.5466
10/30/2012,18.9468
10/31/2012,18.9216
11/1/2012,18.4608
11/2/2012,16.7838
11/3/2012,16.7106
11/4/2012,16.7526
11/5/2012,17.0184
11/6/2012,17.2782
11/7/2012,15.9726
11/8/2012,16.5924
11/9/2012,16.209
11/10/2012,16.2048
11/11/2012,16.8342
11/12/2012,16.596
11/13/2012,16.1826
11/14/2012,16.6716
11/15/2012,16.6572
11/16/2012,16.6638
11/17/2012,15.2586
11/18/2012,15.654
11/19/2012,15.5934
11/20/2012,15.3564
11/21/2012,15.6708
11/22/2012,15.0474
11/23/2012,14.0328
11/24/2012,14.5272
11/25/2012,14.4954
11/26/2012,16.7418
11/27/2012,17.0514
11/28/2012,16.137
11/29/2012,15.9612
11/30/2012,15.1872
12/1/2012,17.5062
12/2/2012,16.1826
12/3/2012,16.6476
12/4/2012,19.2948
12/5/2012,13.8642
12/6/2012,17.0622
12/7/2012,16.1646
12/8/2012,15.7254
12/9/2012,15.9198
12/10/2012,16.8876
12/11/2012,16.9482
12/12/2012,16.7322
12/13/2012,15.9834
12/14/2012,16.2378
12/15/2012,15.777
12/16/2012,15.4188
12/17/2012,16.2252
12/18/2012,14.8392
12/19/2012,15.2928
12/20/2012,15.5988
12/21/2012,14.148
12/22/2012,15.5136
12/23/2012,14.217
12/24/2012,14.4924
12/25/2012,15.0576
12/26/2012,13.506
12/27/2012,15.0444
12/28/2012,14.4924
12/29/2012,14.7888
12/30/2012,14.9292
12/31/2012,14.34
1/1/2013,15.144
1/2/2013,15.3516
1/3/2013,15.3936
1/4/2013,16.5684
1/5/2013,17.5188
1/6/2013,17.0718
1/7/2013,17.7318
1/8/2013,17.9484
1/9/2013,19.5594
1/10/2013,21.4722
1/11/2013,18.4842
1/12/2013,16.7088
1/13/2013,16.6566
1/14/2013,17.1846
1/15/2013,16.6932
1/16/2013,14.9814
1/17/2013,14.562
1/18/2013,15.3912
1/19/2013,15.0366
1/20/2013,15.1176
1/21/2013,14.2566
1/22/2013,15.645
1/23/2013,15.4692
1/24/2013,15.1236
1/25/2013,15.7488
1/26/2013,14.799
1/27/2013,15.7392
1/28/2013,18.0066
1/29/2013,14.2752
1/30/2013,14.667
1/31/2013,15.7218
2/1/2013,16.0356
2/2/2013,15.231
2/3/2013,16.3788
2/4/2013,15.7554
2/5/2013,15.696
2/6/2013,15.1158
2/7/2013,14.3832
2/8/2013,15.363
2/9/2013,14.3472
2/10/2013,13.887
2/11/2013,15.2064
2/12/2013,16.1004
2/13/2013,16.7946
2/14/2013,13.746
2/15/2013,14.7912
2/16/2013,14.6436
2/17/2013,15.7818
2/18/2013,14.712
2/19/2013,14.9628
2/20/2013,14.5644
2/21/2013,15.7236
2/22/2013,14.7846
2/23/2013,14.9124
2/24/2013,13.9848
2/25/2013,15.8382
2/26/2013,15.0588
2/27/2013,15.3138
2/28/2013,15.5058
3/1/2013,15.8766
3/2/2013,14.7606
3/3/2013,15.3234
3/4/2013,15.351
3/5/2013,15.9324
3/6/2013,15.5298
3/7/2013,15.2304
3/8/2013,15.3348
3/9/2013,15.2742
3/10/2013,12.393
3/11/2013,14.4762
3/12/2013,12.5082
3/13/2013,13.6746
3/14/2013,12.8352
3/15/2013,13.8834
3/16/2013,13.6368
3/17/2013,13.7112
3/18/2013,15.0648
3/19/2013,16.1424
3/20/2013,14.4306
3/21/2013,14.7936
3/22/2013,15.1086
3/23/2013,15.4344
3/24/2013,14.9688
3/25/2013,14.9766
3/26/2013,14.9148
3/27/2013,14.7642
3/28/2013,15.2646
3/29/2013,15.123
3/30/2013,14.67
3/31/2013,14.7822
4/1/2013,15.4476
4/2/2013,15.0264
4/3/2013,15.4776
4/4/2013,14.5776
4/5/2013,15.9342
4/6/2013,15.5538
4/7/2013,16.3608
4/8/2013,16.32
4/9/2013,15.9516
4/10/2013,16.9872
4/11/2013,16.0638
4/12/2013,14.3958
4/13/2013,14.2986
4/14/2013,16.0962
4/15/2013,15.6534
4/16/2013,15.789
4/17/2013,17.9058
4/18/2013,15.096
4/19/2013,15.843
4/20/2013,13.941
4/21/2013,15.576
4/22/2013,16.0428
4/23/2013,15.003
4/24/2013,15.6318
4/25/2013,15.2082
4/26/2013,15.8286
4/27/2013,15.0948
4/28/2013,15.129
4/29/2013,14.4942
4/30/2013,15.7236
5/1/2013,16.3944
5/2/2013,17.5986
5/3/2013,16.2018
5/4/2013,15.1086
5/5/2013,14.0532
5/6/2013,13.596
5/7/2013,14.4318
5/8/2013,15.138
5/9/2013,14.2566
5/10/2013,14.1024
5/11/2013,13.8102
5/12/2013,14.4948
5/13/2013,12.9954
5/14/2013,13.2606
5/15/2013,14.4174
5/16/2013,15.8904
5/17/2013,16.1868
5/18/2013,13.2066
5/19/2013,17.2896
5/20/2013,15.345
5/21/2013,16.0812
5/22/2013,17.946
5/23/2013,17.0856
5/24/2013,14.0004
5/25/2013,13.3056
5/26/2013,15.3774
5/27/2013,13.6584
5/28/2013,16.5492
5/29/2013,17.265
5/30/2013,16.5858
5/31/2013,17.1972
6/1/2013,14.5164
6/2/2013,14.2512
6/3/2013,13.2726
6/4/2013,15.8262
6/5/2013,16.5342
6/6/2013,18.2668
6/7/2013,17.142
6/8/2013,15.0042
6/9/2013,16.908
6/10/2013,15.4098
6/11/2013,16.6374
6/12/2013,20.6694
6/13/2013,21.3738
6/14/2013,19.41
6/15/2013,18.2724
6/16/2013,16.2174
6/17/2013,14.901
6/18/2013,16.449
6/19/2013,14.9172
6/20/2013,17.6484
6/21/2013,19.0842
6/22/2013,18.06
6/23/2013,15.3882
6/24/2013,16.0188
6/25/2013,16.1406
6/26/2013,16.0566
6/27/2013,15.237
6/28/2013,15.9204
6/29/2013,15.084
6/30/2013,14.5896
7/1/2013,14.9334
7/2/2013,14.9574
7/3/2013,17.553
7/4/2013,14.9088
7/5/2013,15.3276
7/6/2013,15.1218
7/7/2013,14.2704
7/8/2013,16.2486
7/9/2013,16.5474
7/10/2013,16.2768
7/11/2013,15.6108
7/12/2013,15.9108
7/13/2013,16.9782
7/14/2013,16.5366
7/15/2013,18.0714
7/16/2013,18.4704
7/17/2013,19.2972
7/18/2013,18.3294
7/19/2013,20.6106
7/20/2013,19.7628
7/21/2013,15.3864
7/22/2013,17.058
7/23/2013,16.1598
7/24/2013,17.6748
7/25/2013,14.8422
7/26/2013,17.1792
7/27/2013,15.9018
7/28/2013,15.9564
7/29/2013,15.9756
7/30/2013,15.5382
7/31/2013,17.604
8/1/2013,16.6284
8/2/2013,16.5924
8/3/2013,16.9734
8/4/2013,17.0154
8/5/2013,16.7166
8/6/2013,17.1
8/7/2013,18.5124
8/8/2013,19.1928
8/9/2013,18.8886
8/10/2013,18.525
8/11/2013,19.293
8/12/2013,19.4754
8/13/2013,20.01
8/14/2013,18.3216
8/15/2013,20.085
8/16/2013,20.2782
8/17/2013,19.7448
8/18/2013,19.7526
8/19/2013,21.159
8/20/2013,22.2774
8/21/2013,20.5872
8/22/2013,21.1638
8/23/2013,21.2484
8/24/2013,20.8764
8/25/2013,21.8394
8/26/2013,21.9948
8/27/2013,23.004
8/28/2013,22.3818
8/29/2013,22.6866
8/30/2013,23.4462
8/31/2013,21.1224
9/1/2013,19.4418
9/2/2013,18.7422
9/3/2013,21.141
9/4/2013,21.6294
9/5/2013,20.1102
9/6/2013,22.9116
9/7/2013,20.3934
9/8/2013,20.7762
9/9/2013,20.9406
9/10/2013,21.3066
9/11/2013,20.3658
9/12/2013,19.5924
9/13/2013,19.161
9/14/2013,18.378
9/15/2013,19.3236
9/16/2013,19.1274
9/17/2013,20.1378
9/18/2013,19.6752
9/19/2013,18.8088
9/20/2013,16.7862
9/21/2013,16.299
9/22/2013,16.8954
9/23/2013,15.213
9/24/2013,17.211
9/25/2013,17.1384
9/26/2013,18.1428
9/27/2013,18.0558
9/28/2013,16.5396
9/29/2013,16.6116
9/30/2013,15.1338
10/1/2013,17.046
10/2/2013,16.6698
10/3/2013,15.4368
10/4/2013,17.3382
10/5/2013,17.1378
10/6/2013,14.0592
10/7/2013,16.794
10/8/2013,15.72
10/9/2013,14.6628
10/10/2013,16.1706
10/11/2013,15.9552
10/12/2013,15.1836
10/13/2013,15.4908
10/14/2013,15.465
10/15/2013,15.7812
10/16/2013,16.389
10/17/2013,14.9712
10/18/2013,15.9684
10/19/2013,14.7678
10/20/2013,13.8156
10/21/2013,15.4386
10/22/2013,14.7222
10/23/2013,14.5344
10/24/2013,13.3812
10/25/2013,15.2916
10/26/2013,14.6598
10/27/2013,15.6756
10/28/2013,14.628
10/29/2013,15.087
10/30/2013,15.4962
10/31/2013,15.5304
11/1/2013,14.79
11/2/2013,15.912
11/3/2013,16.0188
11/4/2013,15.6348
11/5/2013,13.7568
11/6/2013,14.9004
11/7/2013,14.3922
11/8/2013,15.1782
11/9/2013,14.7732
11/10/2013,15.6852
11/11/2013,14.862
11/12/2013,15.816
11/13/2013,14.7672
11/14/2013,15.7194
11/15/2013,15.1872
11/16/2013,14.4486
11/17/2013,15.4764
11/18/2013,14.9022
11/19/2013,14.6712
11/20/2013,14.5392
11/21/2013,14.5698
11/22/2013,15.2544
11/23/2013,14.5602
11/24/2013,12.6972
11/25/2013,13.3908
11/26/2013,14.3334
11/27/2013,14.0274
11/28/2013,13.656
11/29/2013,12.9
11/30/2013,13.944
12/1/2013,13.1034
12/2/2013,14.8314
12/3/2013,15.0498
12/4/2013,14.5002
12/5/2013,15.8856
12/6/2013,14.337
12/7/2013,14.4378
12/8/2013,15.3018
12/9/2013,14.1072
12/10/2013,14.5326
12/11/2013,15.0036
12/12/2013,15.4554
12/13/2013,15.3144
12/14/2013,14.1372
12/15/2013,14.13
12/16/2013,15.1896
12/17/2013,14.9256
12/18/2013,14.9298
12/19/2013,14.8836
12/20/2013,13.9098
12/21/2013,14.0364
12/22/2013,13.2354
12/23/2013,13.5672
12/24/2013,12.9288
12/25/2013,13.3176
12/26/2013,12.4938
12/27/2013,13.014
12/28/2013,12.5616
12/29/2013,12.8856
12/30/2013,12.6018
12/31/2013,12.9546
1/1/2014,12.9024
1/2/2014,13.2402
1/3/2014,12.6984
1/4/2014,14.7132
1/5/2014,13.9686
1/6/2014,14.2608
1/7/2014,15.7038
1/8/2014,18.5274
1/9/2014,19.4856
1/10/2014,15.5568
1/11/2014,16.5456
1/12/2014,15.156
1/13/2014,15.108
1/14/2014,15.5562
1/15/2014,15.5826
1/16/2014,15.5826
1/17/2014,15.5442
1/18/2014,15.561
1/19/2014,14.7456
1/20/2014,14.1108
1/21/2014,16.143
1/22/2014,17.5392
1/23/2014,15.0588
1/24/2014,14.9292
1/25/2014,21.0258
1/26/2014,14.2986
1/27/2014,18.4506
1/28/2014,17.7564
1/29/2014,17.4804
1/30/2014,16.89
1/31/2014,15.8856
2/1/2014,20.3412
2/2/2014,15.3756
2/3/2014,16.5762
2/4/2014,18.0588
2/5/2014,16.8612
2/6/2014,14.9148
2/7/2014,16.92
2/8/2014,16.4544
2/9/2014,16.9428
2/10/2014,16.092
2/11/2014,16.5174
2/12/2014,16.9644
2/13/2014,16.3902
2/14/2014,16.0068
2/15/2014,16.1808
2/16/2014,16.1394
2/17/2014,15.798
2/18/2014,15.771
2/19/2014,15.1452
2/20/2014,19.0944
2/21/2014,13.653
2/22/2014,15.639
2/23/2014,16.461
2/24/2014,15.78
2/25/2014,15.7062
2/26/2014,16.0128
2/27/2014,15.2142
2/28/2014,15.4722
3/1/2014,16.5648
3/2/2014,14.8758
3/3/2014,16.6362
3/4/2014,14.7474
3/5/2014,15.7806
3/6/2014,15.4518
3/7/2014,16.332
3/8/2014,14.739
3/9/2014,15.6408
3/10/2014,16.2198
3/11/2014,17.553
3/12/2014,15.2352
3/13/2014,15.5334
3/14/2014,16.3254
3/15/2014,14.676
3/16/2014,15.2154
3/17/2014,14.1648
3/18/2014,14.718
3/19/2014,14.3412
3/20/2014,14.862
3/21/2014,14.0904
3/22/2014,14.85
3/23/2014,15.2604
3/24/2014,15.6006
3/25/2014,15.3552
3/26/2014,16.7544
3/27/2014,15.2544
3/28/2014,16.791
3/29/2014,13.7862
3/30/2014,15.4608
3/31/2014,15.9822
4/1/2014,14.7162
4/2/2014,15.249
4/3/2014,16.635
4/4/2014,14.3982
4/5/2014,15.1644
4/6/2014,15.1632
4/7/2014,15.066
4/8/2014,15.297
4/9/2014,15.1824
4/10/2014,14.658
4/11/2014,15.9288
4/12/2014,13.9962
4/13/2014,16.212
4/14/2014,15.0378
4/15/2014,14.3724
4/16/2014,14.8674
4/17/2014,15.4428
4/18/2014,15.321
4/19/2014,15.0696
4/20/2014,15.6786
4/21/2014,15.1014
4/22/2014,15.7674
4/23/2014,15.9108
4/24/2014,15.489
4/25/2014,15.8004
4/26/2014,15.6018
4/27/2014,16.0572
4/28/2014,16.0074
4/29/2014,14.9508
4/30/2014,14.6742
5/1/2014,16.0794
5/2/2014,16.0716
5/3/2014,14.0844
5/4/2014,16.1658
5/5/2014,15.3594
5/6/2014,16.0896
5/7/2014,17.487
5/8/2014,17.4018
5/9/2014,19.554
5/10/2014,15.5664
5/11/2014,15.015
5/12/2014,15.3534
5/13/2014,15.4344
5/14/2014,15.3942
5/15/2014,14.9634
5/16/2014,14.0028
5/17/2014,14.676
5/18/2014,14.3286
5/19/2014,15.2214
5/20/2014,16.2846
5/21/2014,15.4182
5/22/2014,15.3432
5/23/2014,15.531
5/24/2014,15.9174
5/25/2014,14.9742
5/26/2014,14.4834
5/27/2014,17.3586
5/28/2014,16.2846
5/29/2014,17.8788
5/30/2014,15.606
5/31/2014,17.469
6/1/2014,16.4244
6/2/2014,15.702
6/3/2014,16.5834
6/4/2014,14.622
6/5/2014,14.3046
6/6/2014,16.0104
6/7/2014,16.191
6/8/2014,12.9468
6/9/2014,15.4224
6/10/2014,15.5142
6/11/2014,13.5834
6/12/2014,13.6002
6/13/2014,17.4726
6/14/2014,18.4722
6/15/2014,17.952
6/16/2014,15.7224
6/17/2014,18.8628
6/18/2014,19.3428
6/19/2014,17.7954
6/20/2014,17.7348
6/21/2014,16.7364
6/22/2014,16.962
6/23/2014,16.824
6/24/2014,17.8632
6/25/2014,17.5584
6/26/2014,20.6688
6/27/2014,18.957
6/28/2014,18.9954
6/29/2014,17.7378
6/30/2014,18.1266
7/1/2014,16.2
7/2/2014,17.0142
7/3/2014,15.9366
7/4/2014,17.199
7/5/2014,15.6354
7/6/2014,17.5434
7/7/2014,15.8028
7/8/2014,14.7816
7/9/2014,15.9216
7/10/2014,17.4102
7/11/2014,17.037
7/12/2014,17.8782
7/13/2014,14.8734
7/14/2014,17.7156
7/15/2014,18.1194
7/16/2014,15.2334
7/17/2014,17.5674
7/18/2014,16.224
7/19/2014,16.212
7/20/2014,16.7778
7/21/2014,18.609
7/22/2014,19.8534
7/23/2014,18.2856
7/24/2014,18.609
7/25/2014,19.7352
7/26/2014,18.5772
7/27/2014,18.6144
7/28/2014,18.7806
7/29/2014,17.766
7/30/2014,17.5794
7/31/2014,18.0516
8/1/2014,18.0024
8/2/2014,14.5224
8/3/2014,16.5258
8/4/2014,16.6902
8/5/2014,16.8984
8/6/2014,13.4874
8/7/2014,17.4522
8/8/2014,15.7116
8/9/2014,13.602
8/10/2014,14.0334
8/11/2014,16.9998
8/12/2014,14.0928
8/13/2014,16.068
8/14/2014,15.0666
8/15/2014,18.1362
8/16/2014,16.209
8/17/2014,14.4834
8/18/2014,15.9276
8/19/2014,16.4424
8/20/2014,14.8212
8/21/2014,16.7538
8/22/2014,16.0902
8/23/2014,16.5186
8/24/2014,16.4502
8/25/2014,18.3468
8/26/2014,14.4936
8/27/2014,16.8936
8/28/2014,17.3988
8/29/2014,17.6604
8/30/2014,14.1666
8/31/2014,15.9912
9/1/2014,15.9684
9/2/2014,15.807
9/3/2014,17.0886
9/4/2014,15.936
9/5/2014,16.8366
9/6/2014,15.891
9/7/2014,16.0152
9/8/2014,16.0836
9/9/2014,16.2072
9/10/2014,15.7548
9/11/2014,15.6696
9/12/2014,13.9836
9/13/2014,15.4986
9/14/2014,15.741
9/15/2014,17.3022
9/16/2014,15.7416
9/17/2014,14.7564
9/18/2014,15.9504
9/19/2014,15.6048
9/20/2014,15.8454
9/21/2014,15.0636
9/22/2014,18.039
9/23/2014,14.469
9/24/2014,15.1656
9/25/2014,16.7376
9/26/2014,16.167
9/27/2014,17.4978
9/28/2014,15.8634
9/29/2014,18.4362
9/30/2014,16.0878
10/1/2014,16.6914
10/2/2014,16.179
10/3/2014,16.278
10/4/2014,14.511
10/5/2014,15.954
10/6/2014,13.2834
10/7/2014,13.2336
10/8/2014,15.297
10/9/2014,13.1838
10/10/2014,15.3168
10/11/2014,13.2906
10/12/2014,13.9254
10/13/2014,14.5692
10/14/2014,14.8842
10/15/2014,15.4584
10/16/2014,13.3098
10/17/2014,15.9642
10/18/2014,15.3432
10/19/2014,15.1338
10/20/2014,14.2098
10/21/2014,14.865
10/22/2014,14.4522
10/23/2014,14.6472
10/24/2014,13.266
10/25/2014,16.3698
10/26/2014,13.2654
10/27/2014,17.3016
10/28/2014,14.6184
10/29/2014,17.1966
10/30/2014,14.3388
10/31/2014,15.5898
11/1/2014,12.8814
11/2/2014,15.7962
11/3/2014,14.0844
11/4/2014,17.4132
11/5/2014,13.1562
11/6/2014,15.8886
11/7/2014,14.3796
11/8/2014,14.7534
11/9/2014,15.7002
11/10/2014,13.3062
11/11/2014,15.8052
11/12/2014,15.3414
11/13/2014,13.38
11/14/2014,13.4034
11/15/2014,13.4142
11/16/2014,14.8524
11/17/2014,13.4508
11/18/2014,14.127
11/19/2014,14.0556
11/20/2014,15.399
11/21/2014,16.2672
11/22/2014,13.3146
11/23/2014,13.293
11/24/2014,12.8304
11/25/2014,13.3014
11/26/2014,13.3404
11/27/2014,13.419
11/28/2014,10.986
11/29/2014,13.338
11/30/2014,13.2396
12/1/2014,13.3302
12/2/2014,13.8558
12/3/2014,14.814
12/4/2014,14.2608
12/5/2014,14.0124
12/6/2014,13.4514
12/7/2014,15.5868
12/8/2014,13.3824
12/9/2014,13.4184
12/10/2014,13.461
12/11/2014,15.5298
12/12/2014,13.4508
12/13/2014,13.3224
12/14/2014,13.26
12/15/2014,13.2636
12/16/2014,13.2732
12/17/2014,13.4712
12/18/2014,13.5216
12/19/2014,13.5282
12/20/2014,13.4928
12/21/2014,13.5132
12/22/2014,12.2574
12/23/2014,11.7366
12/24/2014,13.3242
12/25/2014,9.165
12/26/2014,13.3212
12/27/2014,9.0084
12/28/2014,13.3344
12/29/2014,13.4148
12/30/2014,11.0874
12/31/2014,13.5678
1/1/2015,13.5102
1/2/2015,13.4046
1/3/2015,9.6624
1/4/2015,13.3644
1/5/2015,13.5858
1/6/2015,13.362
1/7/2015,13.6128
1/8/2015,13.6248
1/9/2015,13.614
1/10/2015,13.6128
1/11/2015,13.5558
1/12/2015,14.1078
1/13/2015,15.8886
1/14/2015,13.5858
1/15/2015,15.4638
1/16/2015,14.6562
1/17/2015,13.347
1/18/2015,14.7258
1/19/2015,14.7324
1/20/2015,13.314
1/21/2015,16.2492
1/22/2015,13.5504
1/23/2015,13.5462
1/24/2015,14.7384
1/25/2015,13.9638
1/26/2015,18.1584
1/27/2015,12.4494
1/28/2015,14.0598
1/29/2015,15.0414
1/30/2015,13.3404
1/31/2015,13.3908
2/1/2015,15.336
2/2/2015,13.4262
2/3/2015,13.4088
2/4/2015,15.3438
2/5/2015,15.2994
2/6/2015,13.4958
2/7/2015,13.3836
2/8/2015,13.2972
2/9/2015,15.8802
2/10/2015,13.4448
2/11/2015,13.3764
2/12/2015,13.5456
2/13/2015,13.56
2/14/2015,13.5588
2/15/2015,15.6858
2/16/2015,13.6824
2/17/2015,14.1384
2/18/2015,14.5584
2/19/2015,14.8932
2/20/2015,15.726
2/21/2015,15.2232
2/22/2015,14.2584
2/23/2015,15.5802
2/24/2015,14.9652
2/25/2015,16.1178
2/26/2015,13.5528
2/27/2015,15.2478
2/28/2015,13.5822
3/1/2015,14.7816
3/2/2015,13.674
3/3/2015,13.7838
3/4/2015,15.4686
3/5/2015,13.5804
3/6/2015,13.7916
3/7/2015,15.4872
3/8/2015,13.341
3/9/2015,14.7894
3/10/2015,13.3302
3/11/2015,13.311
3/12/2015,15.6678
3/13/2015,13.3104
3/14/2015,13.2864
3/15/2015,9.9792
3/16/2015,13.2576
3/17/2015,9.9378
3/18/2015,12.8214
3/19/2015,14.505
3/20/2015,13.2588
3/21/2015,10.452
3/22/2015,13.2444
3/23/2015,13.2642
3/24/2015,14.4672
3/25/2015,13.7892
3/26/2015,13.4844
3/27/2015,13.2828
3/28/2015,13.3464
3/29/2015,13.272
3/30/2015,13.746
3/31/2015,14.0016
4/1/2015,13.215
4/2/2015,15.0174
4/3/2015,13.212
4/4/2015,13.2258
4/5/2015,13.2132
4/6/2015,13.2048
4/7/2015,12.7092
4/8/2015,13.143
4/9/2015,13.1484
4/10/2015,15.423
4/11/2015,13.719
4/12/2015,13.881
4/13/2015,14.8176
4/14/2015,13.1436
4/15/2015,13.1694
4/16/2015,15.15
4/17/2015,14.1972
4/18/2015,13.3242
4/19/2015,14.0454
4/20/2015,14.0346
4/21/2015,13.2504
4/22/2015,13.6626
4/23/2015,14.2074
4/24/2015,13.221
4/25/2015,14.1492
4/26/2015,14.7906
4/27/2015,13.6254
4/28/2015,15.0468
4/29/2015,14.6778
4/30/2015,13.2318
5/1/2015,13.2168
5/2/2015,13.2582
5/3/2015,15.4962
5/4/2015,14.8884
5/5/2015,14.775
5/6/2015,15.9258
5/7/2015,14.7378
5/8/2015,15.2682
5/9/2015,16.5366
5/10/2015,13.6398
5/11/2015,13.9596
5/12/2015,13.3866
5/13/2015,13.3632
5/14/2015,13.3476
5/15/2015,13.392
5/16/2015,13.4178
5/17/2015,13.4412
5/18/2015,13.4352
5/19/2015,13.4082
5/20/2015,13.3338
5/21/2015,13.308
5/22/2015,13.3614
5/23/2015,13.3914
5/24/2015,13.428
5/25/2015,14.3448
5/26/2015,16.224
5/27/2015,14.0508
5/28/2015,13.6056
5/29/2015,15.9522
5/30/2015,14.8266
5/31/2015,13.4688
6/1/2015,13.3998
6/2/2015,11.934
6/3/2015,13.272
6/4/2015,14.3436
6/5/2015,14.649
6/6/2015,15.1236
6/7/2015,13.566
6/8/2015,16.0044
6/9/2015,13.5366
6/10/2015,13.347
6/11/2015,15.4656
6/12/2015,16.1718
6/13/2015,14.8704
6/14/2015,14.6826
6/15/2015,15.4692
6/16/2015,15.2694
6/17/2015,13.629
6/18/2015,13.638
6/19/2015,15.3126
6/20/2015,13.6038
6/21/2015,13.5906
6/22/2015,13.6668
6/23/2015,14.769
6/24/2015,13.641
6/25/2015,13.629
6/26/2015,13.6998
6/27/2015,14.9244
6/28/2015,13.6092
6/29/2015,13.617
6/30/2015,13.6506
7/1/2015,13.6398
7/2/2015,13.6578
7/3/2015,13.6482
7/4/2015,13.6476
7/5/2015,13.6578
7/6/2015,13.6902
7/7/2015,13.6434
7/8/2015,13.5882
7/9/2015,13.5762
7/10/2015,13.5516
7/11/2015,13.587
7/12/2015,13.6416
7/13/2015,13.413
7/14/2015,13.935
7/15/2015,14.6964
7/16/2015,13.386
7/17/2015,13.3014
7/18/2015,15.0282
7/19/2015,15.3078
7/20/2015,13.7124
7/21/2015,13.6218
7/22/2015,14.7078
7/23/2015,13.5762
7/24/2015,13.8102
7/25/2015,16.2432
7/26/2015,13.6584
7/27/2015,14.5998
7/28/2015,15.8094
7/29/2015,14.9622
7/30/2015,14.5818
7/31/2015,17.0556
8/1/2015,13.563
8/2/2015,15.1758
8/3/2015,16.4904
8/4/2015,15.777
8/5/2015,19.1484
8/6/2015,14.1126
8/7/2015,14.9154
8/8/2015,13.5366
8/9/2015,13.5066
8/10/2015,17.0646
8/11/2015,13.5378
8/12/2015,15.9318
8/13/2015,13.5384
8/14/2015,17.3928
8/15/2015,14.5884
8/16/2015,15.8688
8/17/2015,15.0336
8/18/2015,15.2346
8/19/2015,13.974
8/20/2015,16.5876
8/21/2015,14.2614
8/22/2015,15.3942
8/23/2015,17.226
8/24/2015,16.2186
8/25/2015,15.975
8/26/2015,16.5552
8/27/2015,14.6514
8/28/2015,18.33
8/29/2015,14.2764
8/30/2015,16.8558
8/31/2015,19.1424
9/1/2015,15.6726
9/2/2015,19.218
9/3/2015,16.6824
9/4/2015,19.1472
9/5/2015,17.2248
9/6/2015,16.953
9/7/2015,19.1598
9/8/2015,18.5442
9/9/2015,15.699
9/10/2015,16.185
9/11/2015,16.4202
9/12/2015,14.019
9/13/2015,15.3852
9/14/2015,16.0902
9/15/2015,16.2054
9/16/2015,16.1964
9/17/2015,16.347
9/18/2015,18.0186
9/19/2015,14.1954
9/20/2015,16.9758
9/21/2015,14.7258
9/22/2015,19.0182
9/23/2015,16.8444
9/24/2015,15.864
9/25/2015,16.8984
9/26/2015,16.1658
9/27/2015,16.1232
9/28/2015,16.1724
9/29/2015,15.9192
9/30/2015,15.3714
10/1/2015,14.8734
10/2/2015,14.4384
10/3/2015,14.6322
10/4/2015,13.2774
10/5/2015,16.9332
10/6/2015,15.1566
10/7/2015,14.7804
10/8/2015,15.7446
10/9/2015,13.7658
10/10/2015,15.069
10/11/2015,14.553
10/12/2015,16.2234
10/13/2015,16.5576
10/14/2015,14.679
10/15/2015,15.2028
10/16/2015,15.1836
10/17/2015,15.3048
10/18/2015,16.332
10/19/2015,15.639
10/20/2015,16.17
10/21/2015,15.6354
10/22/2015,14.7834
10/23/2015,15.7452
10/24/2015,14.7822
10/25/2015,14.1066
10/26/2015,14.7744
10/27/2015,14.6988
10/28/2015,14.7012
10/29/2015,14.7738
10/30/2015,14.1018
10/31/2015,13.4148
11/1/2015,18.603
11/2/2015,13.2696
11/3/2015,14.2986
11/4/2015,15.2256
11/5/2015,15.2964
11/6/2015,13.848
11/7/2015,14.3586
11/8/2015,13.5666
11/9/2015,14.841
11/10/2015,13.2174
11/11/2015,15.2706
11/12/2015,14.1192
11/13/2015,14.0868
11/14/2015,13.5558
11/15/2015,13.8624
11/16/2015,15.7578
11/17/2015,13.7766
11/18/2015,13.2036
11/19/2015,15.6132
11/20/2015,12.642
11/21/2015,13.2198
11/22/2015,13.248
11/23/2015,13.2366
11/24/2015,13.2252
11/25/2015,13.2144
11/26/2015,13.2252
11/27/2015,11.0682
11/28/2015,13.2762
11/29/2015,13.2918
11/30/2015,13.9536
12/1/2015,14.76
12/2/2015,14.0634
12/3/2015,16.8594
12/4/2015,13.2324
12/5/2015,14.499
12/6/2015,13.5366
12/7/2015,14.622
12/8/2015,15.5802
12/9/2015,16.8852
12/10/2015,13.3164
12/11/2015,14.6304
12/12/2015,13.2168
12/13/2015,13.9026
12/14/2015,15.1554
12/15/2015,13.1934
12/16/2015,13.2018
12/17/2015,13.215
12/18/2015,13.2276
12/19/2015,13.3116
12/20/2015,9.9426
12/21/2015,14.1936
12/22/2015,13.1946
12/23/2015,13.1862
12/24/2015,13.0782
12/25/2015,10.3464
12/26/2015,12.5958
12/27/2015,11.2692
12/28/2015,13.2798
12/29/2015,13.2564
12/30/2015,14.148
12/31/2015,14.2422
1/1/2016,10.2564
1/2/2016,13.3338
1/3/2016,11.3556
1/4/2016,14.0172
1/5/2016,11.0238
1/6/2016,13.3914
1/7/2016,11.3676
1/8/2016,13.296
1/9/2016,13.2858
1/10/2016,11.2242
1/11/2016,16.803
1/12/2016,13.4526
1/13/2016,13.4574
1/14/2016,14.8716
1/15/2016,14.1156
1/16/2016,13.4466
1/17/2016,13.4712
1/18/2016,14.592
1/19/2016,15.5622
1/20/2016,13.5024
1/21/2016,15.9732
1/22/2016,13.9536
1/23/2016,14.7678
1/24/2016,14.3244
1/25/2016,15.0048
1/26/2016,14.3118
1/27/2016,13.4994
1/28/2016,13.4058
1/29/2016,15.0948
1/30/2016,14.4678
1/31/2016,13.3086
2/1/2016,13.2828
2/2/2016,15.3276
2/3/2016,13.6116
2/4/2016,13.3062
2/5/2016,13.3908
2/6/2016,13.3878
2/7/2016,13.3092
2/8/2016,13.338
2/9/2016,14.9778
2/10/2016,13.7436
2/11/2016,13.503
2/12/2016,14.859
2/13/2016,13.5198
2/14/2016,13.5198
2/15/2016,14.2596
2/16/2016,15.3162
2/17/2016,13.4088
2/18/2016,13.923
2/19/2016,13.9578
2/20/2016,13.9878
2/21/2016,14.001
2/22/2016,14.4306
2/23/2016,14.6274
2/24/2016,12.1986
2/25/2016,14.7624
2/26/2016,13.3512
2/27/2016,14.7762
2/28/2016,13.2498
2/29/2016,13.2324
3/1/2016,13.2534
3/2/2016,16.3218
3/3/2016,15.0678
3/4/2016,13.3182
3/5/2016,13.2876
3/6/2016,13.275
3/7/2016,14.6202
3/8/2016,15.7182
3/9/2016,13.2936
3/10/2016,13.2426
3/11/2016,13.2192
3/12/2016,13.2402
3/13/2016,13.29
3/14/2016,8.3466
3/15/2016,13.3146
3/16/2016,13.2714
3/17/2016,13.2522
3/18/2016,9.0246
3/19/2016,13.2798
3/20/2016,13.287
3/21/2016,13.2492
3/22/2016,13.1982
3/23/2016,13.1796
3/24/2016,13.2198
3/25/2016,13.275
3/26/2016,13.257
3/27/2016,13.236
3/28/2016,14.7156
3/29/2016,14.6652
3/30/2016,13.2234
3/31/2016,13.2726
4/1/2016,13.2336
4/2/2016,13.2282
4/3/2016,13.2204
4/4/2016,13.212
4/5/2016,14.7894
4/6/2016,14.397
4/7/2016,13.2792
4/8/2016,13.2978
4/9/2016,13.2972
4/10/2016,13.29
4/11/2016,13.278
4/12/2016,13.2846
4/13/2016,14.8158
4/14/2016,13.9164
4/15/2016,15.3018
4/16/2016,14.0514
4/17/2016,14.1228
4/18/2016,15.3156
4/19/2016,14.739
4/20/2016,15.6186
4/21/2016,13.2696
4/22/2016,14.517
4/23/2016,13.9458
4/24/2016,13.413
4/25/2016,14.9148
4/26/2016,15.5358
4/27/2016,13.392
4/28/2016,14.319
4/29/2016,14.1378
4/30/2016,14.5302
5/1/2016,13.641
5/2/2016,13.2204
5/3/2016,15.2154
5/4/2016,14.5134
5/5/2016,13.2162
5/6/2016,16.0812
5/7/2016,13.464
5/8/2016,13.2054
5/9/2016,13.2438
5/10/2016,13.284
5/11/2016,13.308
5/12/2016,14.7432
5/13/2016,13.5612
5/14/2016,13.2126
5/15/2016,13.215
5/16/2016,13.2294
5/17/2016,13.23
5/18/2016,13.209
5/19/2016,13.2066
5/20/2016,13.2114
5/21/2016,13.1964
5/22/2016,13.2222
5/23/2016,13.2396
5/24/2016,16.2162
5/25/2016,13.818
5/26/2016,15.3006
5/27/2016,13.5408
5/28/2016,14.2644
5/29/2016,13.8162
5/30/2016,14.61
5/31/2016,15.4326
6/1/2016,16.2522
6/2/2016,14.3658
6/3/2016,14.5638
6/4/2016,14.6028
6/5/2016,13.3302
6/6/2016,16.1622
6/7/2016,15.5256
6/8/2016,15.3396
6/9/2016,15.7548
6/10/2016,17.2086
6/11/2016,15.8244
6/12/2016,19.1058
6/13/2016,15.6288
6/14/2016,18.7302
6/15/2016,14.7618
6/16/2016,14.7894
6/17/2016,16.872
6/18/2016,15.426
6/19/2016,19.1874
6/20/2016,14.2944
6/21/2016,19.2582
6/22/2016,14.475
6/23/2016,16.0632
6/24/2016,16.914
6/25/2016,16.8114
6/26/2016,15.1974
6/27/2016,18.8952
6/28/2016,13.7208
6/29/2016,15.8478
6/30/2016,15.3594
7/1/2016,18.9288
7/2/2016,14.6412
7/3/2016,14.5662
7/4/2016,13.4622
7/5/2016,14.3064
7/6/2016,14.9334
7/7/2016,15.672
7/8/2016,14.874
7/9/2016,14.4264
7/10/2016,14.8728
7/11/2016,15.7686
7/12/2016,15.7206
7/13/2016,16.6668
7/14/2016,14.4522
7/15/2016,15.4692
7/16/2016,15.8946
7/17/2016,18.1146
7/18/2016,13.353
7/19/2016,17.6868
7/20/2016,14.9046
7/21/2016,15.714
7/22/2016,16.8474
7/23/2016,15.5886
7/24/2016,15.0084
7/25/2016,17.076
7/26/2016,18.0708
7/27/2016,12.4392
7/28/2016,16.68
7/29/2016,14.0562
7/30/2016,14.4582
7/31/2016,15.4968
8/1/2016,15.4914
8/2/2016,16.0716
8/3/2016,16.9872
8/4/2016,18.519
8/5/2016,15.6198
8/6/2016,15.783
8/7/2016,14.727
8/8/2016,17.4918
8/9/2016,19.437
8/10/2016,19.1052
8/11/2016,14.9094
8/12/2016,15.606
8/13/2016,18.0222
8/14/2016,13.1802
8/15/2016,17.9334
8/16/2016,14.1108
8/17/2016,16.197
8/18/2016,18.5712
8/19/2016,14.634
8/20/2016,16.5366
8/21/2016,14.5272
8/22/2016,18.7668
8/23/2016,17.337
8/24/2016,13.6944
8/25/2016,17.2776
8/26/2016,19.005
8/27/2016,16.7736
8/28/2016,15.3528
8/29/2016,18.2196
8/30/2016,18.8592
8/31/2016,15.8556
9/1/2016,18.0018
9/2/2016,16.9668
9/3/2016,16.3818
9/4/2016,16.6032
9/5/2016,16.479
9/6/2016,18.765
9/7/2016,18.8556
9/8/2016,16.4604
9/9/2016,18.7116
9/10/2016,15.3582
9/11/2016,16.527
9/12/2016,18
9/13/2016,15.45
9/14/2016,18.6324
9/15/2016,18.624
9/16/2016,18.6258
9/17/2016,13.5378
9/18/2016,18.6642
9/19/2016,15.546
9/20/2016,17.8086
9/21/2016,18.6768
9/22/2016,16.278
9/23/2016,19.2498
9/24/2016,16.1202
9/25/2016,19.2462
9/26/2016,16.5828
9/27/2016,12.8352
9/28/2016,18.1566
9/29/2016,14.0082
9/30/2016,17.0214
10/1/2016,16.0266
10/2/2016,15.9
10/3/2016,16.5486
10/4/2016,17.9676
10/5/2016,13.6878
10/6/2016,19.1292
10/7/2016,14.9382
10/8/2016,16.3806
10/9/2016,13.566
10/10/2016,15.8796
10/11/2016,16.527
10/12/2016,14.25
10/13/2016,16.2588
10/14/2016,15.6522
10/15/2016,15.99
10/16/2016,15.228
10/17/2016,16.917
10/18/2016,19.1118
10/19/2016,17.007
10/20/2016,14.0028
10/21/2016,18.0204
10/22/2016,13.5438
10/23/2016,13.0092
10/24/2016,18.558
10/25/2016,13.9434
10/26/2016,15.4674
10/27/2016,15.4416
10/28/2016,15.5748
10/29/2016,14.7576
10/30/2016,15.12
10/31/2016,18.4896
11/1/2016,13.3758
11/2/2016,17.5248
11/3/2016,15.4782
11/4/2016,14.0424
11/5/2016,13.5234
11/6/2016,13.5432
11/7/2016,16.6194
11/8/2016,14.517
11/9/2016,16.1616
11/10/2016,13.0578
11/11/2016,17.7216
11/12/2016,14.6304
11/13/2016,14.8278
11/14/2016,17.6058
11/15/2016,13.5006
11/16/2016,16.728
11/17/2016,14.3082
11/18/2016,13.5912
11/19/2016,15.9546
11/20/2016,13.5756
11/21/2016,13.566
11/22/2016,13.5876
11/23/2016,10.1574
11/24/2016,13.5894
11/25/2016,13.5984
11/26/2016,9.4758
11/27/2016,16.1274
11/28/2016,13.5918
11/29/2016,13.797
11/30/2016,15.5376
12/1/2016,13.5648
12/2/2016,16.2006
12/3/2016,13.617
12/4/2016,13.626
12/5/2016,16.0632
12/6/2016,15.243
12/7/2016,15.8874
12/8/2016,14.9622
12/9/2016,13.8786
12/10/2016,14.3802
12/11/2016,16.2192
12/12/2016,13.8906
12/13/2016,16.5372
12/14/2016,14.523
12/15/2016,14.0982
12/16/2016,14.1138
12/17/2016,13.9776
12/18/2016,15.6264
12/19/2016,14.499
12/20/2016,15.2808
12/21/2016,13.9686
12/22/2016,13.8816
12/23/2016,12.1746
12/24/2016,15.2718
12/25/2016,13.8198
12/26/2016,10.6776
12/27/2016,13.7898
12/28/2016,13.8216
12/29/2016,13.8426
12/30/2016,10.4106
12/31/2016,13.872
1/1/2017,13.9176
1/2/2017,12.0762
1/3/2017,13.2258
1/4/2017,13.2612
1/5/2017,15.147
1/6/2017,13.3728
1/7/2017,14.1798
1/8/2017,15.6312
1/9/2017,15.9606
1/10/2017,15.579
1/11/2017,15.2658
1/12/2017,13.2366
1/13/2017,15.7344
1/14/2017,15.252
1/15/2017,14.214
1/16/2017,15.0132
1/17/2017,14.7984
1/18/2017,14.8026
1/19/2017,14.5686
1/20/2017,14.7798
1/21/2017,14.1384
1/22/2017,14.2794
1/23/2017,16.062
1/24/2017,13.2492
1/25/2017,15.4194
1/26/2017,15.1686
1/27/2017,13.323
1/28/2017,14.5296
1/29/2017,15.0546
1/30/2017,15.2532
1/31/2017,14.0682
2/1/2017,14.9922
2/2/2017,14.2464
2/3/2017,15.7302
2/4/2017,13.6632
2/5/2017,15.1212
2/6/2017,15.3678
2/7/2017,15.1404
2/8/2017,13.236
2/9/2017,15.981
2/10/2017,14.427
2/11/2017,14.9838
2/12/2017,13.7862
2/13/2017,15.2118
2/14/2017,15.0798
2/15/2017,14.2938
2/16/2017,13.1868
2/17/2017,15.2424
2/18/2017,15.1086
2/19/2017,13.4208
2/20/2017,14.166
2/21/2017,13.2612
2/22/2017,15.3426
2/23/2017,12.9498
2/24/2017,15.762
2/25/2017,12.9564
2/26/2017,16.0008
2/27/2017,12.99
2/28/2017,14.7804
3/1/2017,14.1204
3/2/2017,13.0638
3/3/2017,14.757
3/4/2017,14.01
3/5/2017,13.4238
3/6/2017,15.543
3/7/2017,12.972
3/8/2017,14.6634
3/9/2017,14.6742
3/10/2017,13.113
3/11/2017,13.2684
3/12/2017,13.2762
3/13/2017,13.3206
3/14/2017,12.5754
3/15/2017,13.3866
3/16/2017,11.4174
3/17/2017,13.9824
3/18/2017,13.4472
3/19/2017,11.3988
3/20/2017,16.6458
3/21/2017,12.996
3/22/2017,15.9312
3/23/2017,14.0604
3/24/2017,15.1674
3/25/2017,13.8456
3/26/2017,13.8876
3/27/2017,16.0572
3/28/2017,13.9872
3/29/2017,14.628
3/30/2017,14.343
3/31/2017,14.0724
4/1/2017,14.5968
4/2/2017,13.5276
4/3/2017,14.8956
4/4/2017,15.4608
4/5/2017,16.0302
4/6/2017,13.131
4/7/2017,13.2372
4/8/2017,15.498
4/9/2017,14.8518
4/10/2017,15.7176
4/11/2017,13.953
4/12/2017,16.2882
4/13/2017,15.0282
4/14/2017,16.482
4/15/2017,14.502
4/16/2017,13.8828
4/17/2017,15.8832
4/18/2017,16.728
4/19/2017,16.6476
4/20/2017,15.7968
4/21/2017,17.0442
4/22/2017,14.001
4/23/2017,14.6118
4/24/2017,16.797
4/25/2017,15.1146
4/26/2017,17.973
4/27/2017,14.4414
4/28/2017,14.142
4/29/2017,17.7762
4/30/2017,14.1816
5/1/2017,17.9964
5/2/2017,13.3002
5/3/2017,17.553
5/4/2017,12.4848
5/5/2017,17.0016
5/6/2017,13.7472
5/7/2017,13.7724
5/8/2017,13.788
5/9/2017,15.2574
5/10/2017,14.5314
5/11/2017,14.6496
5/12/2017,13.8366
5/13/2017,14.7216
5/14/2017,14.8794
5/15/2017,13.9464
5/16/2017,16.8318
5/17/2017,14.856
5/18/2017,16.5024
5/19/2017,17.0568
5/20/2017,13.7178
5/21/2017,13.9746
5/22/2017,13.9296
5/23/2017,16.1442
5/24/2017,14.3772
5/25/2017,13.848
5/26/2017,14.4408
5/27/2017,15.1404
5/28/2017,13.995
5/29/2017,13.8
5/30/2017,16.134
5/31/2017,16.2378
6/1/2017,16.2174
6/2/2017,16.374
6/3/2017,16.212
6/4/2017,14.8332
6/5/2017,17.4654
6/6/2017,17.9466
6/7/2017,17.484
6/8/2017,17.6298
6/9/2017,18.7674
6/10/2017,16.7736
6/11/2017,18.9246
6/12/2017,18.6462
6/13/2017,18.8172
6/14/2017,17.4828
6/15/2017,16.9404
6/16/2017,16.2714
6/17/2017,17.2788
6/18/2017,14.0958
6/19/2017,16.983
6/20/2017,16.7742
6/21/2017,17.3838
6/22/2017,18.4032
6/23/2017,14.0304
6/24/2017,15.3624
6/25/2017,16.2054
6/26/2017,16.5252
6/27/2017,15.8088
6/28/2017,15.411
6/29/2017,16.1808
6/30/2017,16.533
7/1/2017,15.8292
7/2/2017,17.406
7/3/2017,15.6504
7/4/2017,15.9978
7/5/2017,19.2852
7/6/2017,14.4606
7/7/2017,15.7134
7/8/2017,16.2786
7/9/2017,16.9176
7/10/2017,16.77
7/11/2017,15.4668
7/12/2017,17.9982
7/13/2017,15.825
7/14/2017,17.691
7/15/2017,16.5582
7/16/2017,15.7554
7/17/2017,19.068
7/18/2017,16.9584
7/19/2017,16.9374
7/20/2017,19.5066
7/21/2017,17.6784
7/22/2017,18.6516
7/23/2017,17.883
7/24/2017,17.364
7/25/2017,17.7138
7/26/2017,16.7238
7/27/2017,15.7464
7/28/2017,18.996
7/29/2017,16.2456
7/30/2017,16.3074
7/31/2017,19.4238
8/1/2017,15.6492
8/2/2017,18.1098
8/3/2017,19.3602
8/4/2017,18.5172
8/5/2017,17.1168
8/6/2017,15.7968
8/7/2017,16.692
8/8/2017,16.8396
8/9/2017,19.4154
8/10/2017,19.1586
8/11/2017,18.123
8/12/2017,15.9654
8/13/2017,18.5784
8/14/2017,19.1832
8/15/2017,19.1028
8/16/2017,20.1
8/17/2017,20.2494
8/18/2017,20.6676
8/19/2017,21.906
8/20/2017,21.9114
8/21/2017,20.4684
8/22/2017,17.8794
8/23/2017,19.6674
8/24/2017,19.6176
8/25/2017,20.3988
8/26/2017,21.8988
8/27/2017,17.85
8/28/2017,23.3724
8/29/2017,21.6546
8/30/2017,17.088
8/31/2017,18.2724
9/1/2017,20.424
9/2/2017,14.1156
9/3/2017,17.1522
9/4/2017,19.1766
9/5/2017,19.704
9/6/2017,18.5226
9/7/2017,19.9944
9/8/2017,20.4786
9/9/2017,22.0122
9/10/2017,15.4722
9/11/2017,22.6308
9/12/2017,18.2604
9/13/2017,20.265
9/14/2017,18.2766
9/15/2017,18.6636
9/16/2017,19.0332
9/17/2017,22.4406
9/18/2017,17.5404
9/19/2017,19.5582
9/20/2017,19.2624
9/21/2017,20.0802
9/22/2017,22.0056
9/23/2017,21.9126
9/24/2017,19.3212
9/25/2017,21.981
9/26/2017,19.9428
9/27/2017,23.4816
9/28/2017,23.043
9/29/2017,21.1332
9/30/2017,19.356
10/1/2017,21.8202
10/2/2017,21.9354
10/3/2017,20.7618
10/4/2017,22.5432
10/5/2017,16.6152
10/6/2017,22.6734
10/7/2017,17.1882
10/8/2017,16.9776
10/9/2017,18.8244
10/10/2017,20.6742
10/11/2017,17.3706
10/12/2017,19.7526
10/13/2017,17.7498
10/14/2017,17.4996
10/15/2017,17.9142
10/16/2017,16.2546
10/17/2017,18.2148
10/18/2017,15.6126
10/19/2017,17.4402
10/20/2017,19.6284
10/21/2017,14.3076
10/22/2017,18.075
10/23/2017,17.9388
10/24/2017,14.1702
10/25/2017,17.1558
10/26/2017,17.6286
10/27/2017,13.6644
10/28/2017,16.6242
10/29/2017,14.01
10/30/2017,19.4022
10/31/2017,13.0332
11/1/2017,17.0862
11/2/2017,15.2712
11/3/2017,17.2818
11/4/2017,15.2634
11/5/2017,14.6916
11/6/2017,16.0848
11/7/2017,15.1614
11/8/2017,17.2596
11/9/2017,14.1522
11/10/2017,13.9938
11/11/2017,15.2598
11/12/2017,14.958
11/13/2017,18.8742
11/14/2017,13.1124
11/15/2017,13.9554
11/16/2017,13.9974
11/17/2017,13.9932
11/18/2017,16.116
11/19/2017,13.215
11/20/2017,15.12
11/21/2017,13.101
11/22/2017,13.9446
11/23/2017,13.0842
11/24/2017,13.0878
11/25/2017,13.0518
11/26/2017,15.6864
11/27/2017,15.2586
11/28/2017,12.9396
11/29/2017,18.4668
11/30/2017,15.0714
12/1/2017,13.9986
12/2/2017,15.3774
12/3/2017,14.9994
12/4/2017,13.971
12/5/2017,13.9746
12/6/2017,16.9686
12/7/2017,14.0268
12/8/2017,14.0118
12/9/2017,16.0596
12/10/2017,13.9848
12/11/2017,13.9164
12/12/2017,16.9044
12/13/2017,14.658
12/14/2017,15.645
12/15/2017,14.937
12/16/2017,15.8328
12/17/2017,13.9392
12/18/2017,13.4244
12/19/2017,14.0988
12/20/2017,14.19
12/21/2017,11.532
12/22/2017,13.2516
12/23/2017,13.4016
12/24/2017,10.5342
12/25/2017,13.6128
12/26/2017,9.9618
12/27/2017,13.6392
12/28/2017,15.1752
12/29/2017,13.6206
12/30/2017,13.6302
12/31/2017,13.6356
1/1/2018,13.653
1/2/2018,13.6734
1/3/2018,17.7006
1/4/2018,14.0886
1/5/2018,16.9896
1/6/2018,15.4182
1/7/2018,16.038
1/8/2018,16.995
1/9/2018,18.7884
1/10/2018,14.0772
1/11/2018,17.1738
1/12/2018,15.255
1/13/2018,17.4654
1/14/2018,16.224
1/15/2018,15.501
1/16/2018,17.5116
1/17/2018,15.375
1/18/2018,17.5974
1/19/2018,14.2488
1/20/2018,16.8372
1/21/2018,13.3422
1/22/2018,17.9952
1/23/2018,14.8542
1/24/2018,15.6312
1/25/2018,14.8494
1/26/2018,15.7896
1/27/2018,13.311
1/28/2018,16.143
1/29/2018,17.1222
1/30/2018,13.6206
1/31/2018,15.7746
2/1/2018,14.8254
2/2/2018,15.9576
2/3/2018,13.8756
2/4/2018,14.4414
2/5/2018,17.5116
2/6/2018,14.2698
2/7/2018,13.7118
2/8/2018,16.5306
2/9/2018,15.3312
2/10/2018,13.6536
2/11/2018,13.6686
2/12/2018,16.7574
2/13/2018,15.129
2/14/2018,13.4658
2/15/2018,15.3828
2/16/2018,13.7124
2/17/2018,15.1308
2/18/2018,13.4874
2/19/2018,15.366
2/20/2018,14.4342
2/21/2018,13.062
2/22/2018,13.0122
2/23/2018,16.7388
2/24/2018,13.314
2/25/2018,13.0932
2/26/2018,13.11
2/27/2018,13.23
2/28/2018,15.2088
3/1/2018,13.881
3/2/2018,10.5354
3/3/2018,13.8138
3/4/2018,14.9424
3/5/2018,13.0902
3/6/2018,13.4466
3/7/2018,13.9116
3/8/2018,13.9308
3/9/2018,13.7214
3/10/2018,10.5834
3/11/2018,13.1664
3/12/2018,9.1926
3/13/2018,13.1832
3/14/2018,13.149
3/15/2018,10.0548
3/16/2018,12.5172
3/17/2018,13.6686
3/18/2018,10.3302
3/19/2018,15.4266
3/20/2018,14.031
3/21/2018,11.913
3/22/2018,13.2864
3/23/2018,13.2954
3/24/2018,14.0814
3/25/2018,14.064
3/26/2018,14.0352
3/27/2018,14.0292
3/28/2018,14.0226
3/29/2018,13.833
3/30/2018,13.5132
3/31/2018,13.8432
4/1/2018,10.6878
4/2/2018,14.046
4/3/2018,14.0598
4/4/2018,14.0238
4/5/2018,14.0262
4/6/2018,13.8216
4/7/2018,13.32
4/8/2018,13.353
4/9/2018,13.3446
4/10/2018,13.347
4/11/2018,13.4886
4/12/2018,15.1938
4/13/2018,14.5584
4/14/2018,14.0232
4/15/2018,13.8786
4/16/2018,13.4112
4/17/2018,14.9976
4/18/2018,13.1886
4/19/2018,13.8702
4/20/2018,14.3364
4/21/2018,13.8918
4/22/2018,13.935
4/23/2018,13.9164
4/24/2018,13.8948
4/25/2018,13.6782
4/26/2018,13.1712
4/27/2018,13.8186
4/28/2018,14.6088
4/29/2018,13.3956
4/30/2018,13.3986
5/1/2018,17.0694
5/2/2018,13.9314
5/3/2018,13.9806
5/4/2018,15.1458
5/5/2018,13.8738
5/6/2018,13.8708
5/7/2018,13.875
5/8/2018,14.115
5/9/2018,15.4044
5/10/2018,15.0396
5/11/2018,13.8642
5/12/2018,15.6396
5/13/2018,14.3634
5/14/2018,14.1108
5/15/2018,17.4228
5/16/2018,14.2014
5/17/2018,17.5914
5/18/2018,14.2722
5/19/2018,14.298
5/20/2018,14.3316
5/21/2018,14.3214
5/22/2018,14.3394
5/23/2018,14.3268
5/24/2018,16.092
5/25/2018,15.8424
5/26/2018,16.5618
5/27/2018,16.0578
5/28/2018,14.3388
5/29/2018,19.101
5/30/2018,12.5928
5/31/2018,15.4806
6/1/2018,15.7728
6/2/2018,14.4864
6/3/2018,14.2182
6/4/2018,14.346
6/5/2018,17.5452
6/6/2018,16.4724
6/7/2018,16.8054
6/8/2018,15.9192
6/9/2018,17.2518
6/10/2018,13.7304
6/11/2018,13.7352
6/12/2018,13.8606
6/13/2018,16.2732
6/14/2018,14.3412
6/15/2018,16.9482
6/16/2018,16.7658
6/17/2018,14.2704
6/18/2018,19.2696
6/19/2018,14.2386
6/20/2018,18.6282
6/21/2018,14.046
6/22/2018,15.3378
6/23/2018,14.7186
6/24/2018,14.0466
6/25/2018,14.0538
6/26/2018,17.2908
6/27/2018,14.0808
6/28/2018,15.8616
6/29/2018,16.8246
6/30/2018,16.4598
